{"song":{"player1":"bf-christmas","sectionLengths":[],"notes":[{"lengthInSteps":16,"sectionNotes":[],"typeOfSection":0,"mustHitSection":true,"changeBPM":false,"bpm":95},{"lengthInSteps":16,"sectionNotes":[],"typeOfSection":0,"mustHitSection":true,"changeBPM":false,"bpm":95},{"lengthInSteps":16,"sectionNotes":[[4200,3,500]],"typeOfSection":0,"mustHitSection":false,"changeBPM":false,"bpm":95},{"lengthInSteps":16,"sectionNotes":[[4800,3,400],[5200,0,900],[6200,3,100]],"typeOfSection":0,"mustHitSection":false,"changeBPM":false,"bpm":95},{"lengthInSteps":16,"sectionNotes":[[6400,3,800],[7300,0,600]],"typeOfSection":0,"mustHitSection":false,"changeBPM":false,"bpm":95},{"lengthInSteps":16,"sectionNotes":[[8400,2,0],[8600,0,0],[9000,3,0],[9400,1,0]],"typeOfSection":0,"mustHitSection":true,"changeBPM":false,"bpm":95},{"lengthInSteps":16,"sectionNotes":[[9900,2,0],[10300,0,1150]],"typeOfSection":0,"mustHitSection":true,"changeBPM":false,"bpm":95},{"lengthInSteps":16,"sectionNotes":[[12300,3,450]],"typeOfSection":0,"mustHitSection":false,"changeBPM":false,"bpm":95},{"lengthInSteps":16,"sectionNotes":[[13600,2,700]],"typeOfSection":0,"mustHitSection":false,"changeBPM":false,"bpm":95},{"lengthInSteps":16,"sectionNotes":[[15400,3,400],[14600,0,700]],"typeOfSection":0,"mustHitSection":false,"changeBPM":false,"bpm":95},{"lengthInSteps":16,"sectionNotes":[[16600,1,0],[16900,3,0],[17200,0,0]],"typeOfSection":0,"altAnim":true,"mustHitSection":true,"changeBPM":false,"bpm":150},{"lengthInSteps":16,"sectionNotes":[[18500,3,0],[18700,1,0],[17600,3,0],[17700,3,0],[17800,3,0],[18200,2,0],[18600,2,0],[18800,0,300]],"typeOfSection":0,"altAnim":true,"mustHitSection":true,"changeBPM":false,"bpm":150},{"lengthInSteps":16,"sectionNotes":[[20300,2,0],[20600,3,0]],"typeOfSection":0,"altAnim":true,"mustHitSection":false,"changeBPM":false,"bpm":150},{"lengthInSteps":16,"sectionNotes":[[21000,1,0],[21300,0,0],[21700,2,600]],"typeOfSection":0,"altAnim":true,"mustHitSection":false,"changeBPM":false,"bpm":150},{"lengthInSteps":16,"sectionNotes":[[22400,3,0],[22900,1,0],[23100,0,550]],"typeOfSection":0,"mustHitSection":false,"changeBPM":false,"bpm":150},{"lengthInSteps":16,"sectionNotes":[[24300,1,0],[24800,2,600],[25500,3,0]],"typeOfSection":0,"mustHitSection":true,"changeBPM":false,"bpm":150},{"lengthInSteps":16,"sectionNotes":[[25600,0,0],[25700,1,600],[26500,3,0],[26900,0,0],[27100,1,200]],"typeOfSection":0,"mustHitSection":true,"changeBPM":false,"bpm":150},{"lengthInSteps":16,"sectionNotes":[[27200,1,850],[28600,1,0]],"typeOfSection":0,"mustHitSection":true,"changeBPM":false,"bpm":150},{"lengthInSteps":24,"sectionNotes":[[30000,0,300],[30000,4,300],[30000,3,300],[30000,7,300],[29500,2,400],[29500,6,450],[28800,3,0],[28800,7,0],[29200,0,300],[29200,4,300]],"typeOfSection":0,"mustHitSection":true,"changeBPM":false,"bpm":150},{"lengthInSteps":16,"sectionNotes":[[31700,6,0],[31700,2,0],[30900,3,400],[30900,7,400],[30600,0,0],[31900,0,0],[31900,4,0]],"typeOfSection":0,"mustHitSection":true,"changeBPM":false,"bpm":150},{"lengthInSteps":16,"sectionNotes":[[32300,2,0],[32300,3,0],[32300,6,0],[32300,7,0],[32600,2,0],[32600,6,0],[32900,2,0],[32900,6,0],[32900,0,0],[32900,4,0],[33300,1,0],[33300,5,0],[33400,7,0],[33400,3,0]],"typeOfSection":0,"mustHitSection":true,"changeBPM":false,"bpm":150},{"lengthInSteps":16,"sectionNotes":[[34800,5,0],[34800,1,0],[34200,0,0],[34200,3,0],[33800,1,100],[33800,5,100],[34200,4,0],[34200,7,0]],"typeOfSection":0,"mustHitSection":true,"changeBPM":false,"bpm":150},{"lengthInSteps":16,"sectionNotes":[[35200,7,0],[35300,6,0],[35400,5,0],[35500,4,0],[35200,3,0],[35300,2,0],[35400,1,0],[35500,0,0],[35600,3,0],[35700,2,0],[35800,1,0],[35900,0,0],[35600,7,0],[35700,6,0],[35800,5,0],[35900,4,0],[36000,7,0],[36100,6,0],[36200,5,0],[36300,4,0],[36000,3,0],[36100,2,0],[36200,1,0],[36300,0,0],[36400,7,0],[36500,6,0],[36600,5,0],[36700,4,0],[36400,3,0],[36500,2,0],[36600,1,0],[36700,0,0]],"typeOfSection":0,"mustHitSection":true,"changeBPM":false,"bpm":150},{"lengthInSteps":16,"sectionNotes":[[36800,3,300]],"typeOfSection":0,"mustHitSection":true,"changeBPM":false,"bpm":150},{"lengthInSteps":16,"sectionNotes":[[38400,3,0],[38600,3,0],[38800,1,0],[39000,0,0],[39100,3,0],[39400,3,0],[39600,1,0],[39800,0,0],[39900,3,0]],"typeOfSection":0,"mustHitSection":true,"changeBPM":false,"bpm":150},{"lengthInSteps":16,"sectionNotes":[],"typeOfSection":0,"mustHitSection":true,"changeBPM":false,"bpm":150},{"lengthInSteps":16,"sectionNotes":[],"typeOfSection":0,"altAnim":true,"mustHitSection":false,"changeBPM":false,"bpm":150},{"lengthInSteps":16,"sectionNotes":[],"typeOfSection":0,"mustHitSection":true,"changeBPM":false,"bpm":150},{"lengthInSteps":16,"sectionNotes":[],"typeOfSection":0,"altAnim":true,"mustHitSection":false,"changeBPM":false,"bpm":150},{"lengthInSteps":16,"sectionNotes":[],"typeOfSection":0,"mustHitSection":true,"changeBPM":false,"bpm":150},{"lengthInSteps":16,"sectionNotes":[],"typeOfSection":0,"mustHitSection":false,"changeBPM":false,"bpm":150},{"lengthInSteps":16,"sectionNotes":[],"typeOfSection":0,"mustHitSection":false,"changeBPM":false,"bpm":150},{"lengthInSteps":16,"sectionNotes":[],"typeOfSection":0,"mustHitSection":false,"changeBPM":false,"bpm":150},{"lengthInSteps":16,"sectionNotes":[],"typeOfSection":0,"mustHitSection":false,"changeBPM":false,"bpm":150},{"lengthInSteps":16,"sectionNotes":[],"typeOfSection":0,"mustHitSection":true,"changeBPM":false,"bpm":150},{"lengthInSteps":16,"sectionNotes":[],"typeOfSection":0,"mustHitSection":true,"changeBPM":false,"bpm":150},{"lengthInSteps":16,"sectionNotes":[],"typeOfSection":0,"mustHitSection":true,"changeBPM":false,"bpm":150},{"lengthInSteps":16,"sectionNotes":[],"typeOfSection":0,"mustHitSection":true,"changeBPM":false,"bpm":150},{"lengthInSteps":16,"sectionNotes":[],"typeOfSection":0,"altAnim":true,"mustHitSection":false,"changeBPM":false,"bpm":150},{"lengthInSteps":16,"sectionNotes":[],"typeOfSection":0,"altAnim":true,"mustHitSection":false,"changeBPM":false,"bpm":150},{"lengthInSteps":16,"sectionNotes":[],"typeOfSection":0,"mustHitSection":true,"changeBPM":false,"bpm":150},{"lengthInSteps":16,"sectionNotes":[],"typeOfSection":0,"mustHitSection":true,"changeBPM":false,"bpm":150},{"lengthInSteps":16,"sectionNotes":[],"typeOfSection":0,"altAnim":true,"mustHitSection":false,"changeBPM":false,"bpm":150},{"lengthInSteps":16,"sectionNotes":[],"typeOfSection":0,"altAnim":true,"mustHitSection":false,"changeBPM":false,"bpm":150},{"lengthInSteps":16,"sectionNotes":[],"typeOfSection":0,"mustHitSection":true,"changeBPM":false,"bpm":150},{"lengthInSteps":16,"sectionNotes":[],"typeOfSection":0,"mustHitSection":true,"changeBPM":false,"bpm":150},{"lengthInSteps":16,"sectionNotes":[],"typeOfSection":0,"mustHitSection":true,"changeBPM":false,"bpm":150},{"lengthInSteps":16,"sectionNotes":[],"typeOfSection":0,"mustHitSection":true,"changeBPM":false,"bpm":150},{"lengthInSteps":16,"sectionNotes":[],"typeOfSection":0,"mustHitSection":true,"changeBPM":false,"bpm":150},{"lengthInSteps":16,"sectionNotes":[],"typeOfSection":0,"mustHitSection":true,"changeBPM":false,"bpm":150},{"lengthInSteps":16,"sectionNotes":[],"typeOfSection":0,"mustHitSection":true,"changeBPM":false,"bpm":150},{"lengthInSteps":16,"sectionNotes":[],"typeOfSection":0,"mustHitSection":true,"changeBPM":false,"bpm":150},{"lengthInSteps":16,"sectionNotes":[],"typeOfSection":0,"mustHitSection":true,"changeBPM":false,"bpm":150},{"lengthInSteps":16,"sectionNotes":[],"typeOfSection":0,"mustHitSection":true,"changeBPM":false,"bpm":150},{"lengthInSteps":16,"sectionNotes":[],"typeOfSection":0,"altAnim":true,"mustHitSection":false,"changeBPM":false,"bpm":150},{"lengthInSteps":16,"sectionNotes":[],"typeOfSection":0,"mustHitSection":true,"changeBPM":false,"bpm":150},{"lengthInSteps":16,"sectionNotes":[],"typeOfSection":0,"altAnim":true,"mustHitSection":false,"changeBPM":false,"bpm":150},{"lengthInSteps":16,"sectionNotes":[],"typeOfSection":0,"mustHitSection":true,"changeBPM":false,"bpm":150},{"lengthInSteps":16,"sectionNotes":[],"typeOfSection":0,"mustHitSection":true,"changeBPM":false,"bpm":150},{"lengthInSteps":16,"sectionNotes":[],"typeOfSection":0,"mustHitSection":true,"changeBPM":false,"bpm":150},{"lengthInSteps":16,"sectionNotes":[],"typeOfSection":0,"altAnim":false,"mustHitSection":true,"changeBPM":false,"bpm":150},{"lengthInSteps":16,"sectionNotes":[],"typeOfSection":0,"altAnim":false,"mustHitSection":true,"changeBPM":false,"bpm":150},{"lengthInSteps":16,"sectionNotes":[],"typeOfSection":0,"altAnim":false,"mustHitSection":true,"changeBPM":false,"bpm":150},{"lengthInSteps":16,"sectionNotes":[],"typeOfSection":0,"altAnim":false,"mustHitSection":true,"changeBPM":false,"bpm":150},{"sectionNotes":[],"typeOfSection":0,"lengthInSteps":16,"altAnim":false,"mustHitSection":true,"changeBPM":false,"bpm":150},{"lengthInSteps":16,"typeOfSection":0,"sectionNotes":[],"altAnim":false,"bpm":150,"changeBPM":false,"mustHitSection":true},{"lengthInSteps":16,"typeOfSection":0,"sectionNotes":[],"altAnim":false,"bpm":150,"changeBPM":false,"mustHitSection":true},{"sectionNotes":[],"typeOfSection":0,"lengthInSteps":16,"altAnim":false,"mustHitSection":true,"changeBPM":false,"bpm":150},{"lengthInSteps":16,"typeOfSection":0,"sectionNotes":[],"altAnim":false,"bpm":150,"changeBPM":false,"mustHitSection":true},{"lengthInSteps":16,"typeOfSection":0,"sectionNotes":[],"altAnim":false,"bpm":150,"changeBPM":false,"mustHitSection":true},{"lengthInSteps":16,"typeOfSection":0,"sectionNotes":[],"altAnim":false,"bpm":150,"changeBPM":false,"mustHitSection":true},{"sectionNotes":[],"typeOfSection":0,"lengthInSteps":16,"altAnim":false,"mustHitSection":true,"changeBPM":false,"bpm":150},{"lengthInSteps":16,"altAnim":false,"typeOfSection":0,"sectionNotes":[],"bpm":150,"changeBPM":false,"mustHitSection":true}],"player2":"parents-christmas","song":"Eggnog","validScore":true,"sections":0,"needsVoices":true,"bpm":150,"speed":2.4}}